TransactionID,ProductID,ProductCategory,Quantity,Price,CustomerCity,TransactionDate
T1001,P001,Electronics,20,150,New York,2023-10-01
T1002,P005,Apparel,10,45.5,London,2023-10-01
T1003,P010,Apparel,30,20,New York,2023-10-02
T1004,P002,Electronics,NULL,300,Tokyo,2023-10-02
T1005,P007,Books,10,10.99,London,2023-10-03
T1006,P003,Electronics,50,150,New York,2023-10-03
T1007,P012,Books,20,12.5,Tokyo,2023-10-04
T1008,P008,Apparel,10,NULL,London,2023-10-04
T1009,P004,Electronics,20,450,New York,2023-10-05
T1010,P006,Apparel,10,50,Paris,2023-10-05
T1011,P001,Electronics,30,150,New York,2023-10-01
T1012,P005,Apparel,35,45.5,New York,2023-10-01
T1013,P010,Apparel,40,20,London,2023-10-02
T1014,P002,Electronics,NULL,300,New York,2023-10-02
T1015,P007,Books,10,10.99,Tokyo,2023-10-03
T1016,P003,Electronics,-7,150,London,2023-10-03
T1017,P012,Books,4,12.5,New York,2023-10-04
T1018,P008,Apparel,1,NULL,Tokyo,2023-10-04
T1019,P004,Electronics,1,450,London,2023-10-05
T1020,P006,Apparel,4,50,New York,2023-10-05
T1021,P001,Electronics,45,150,Paris,2023-10-01
T1022,P005,Apparel,50,45.5,New York,2023-10-01
T1023,P010,Apparel,55,20,New York,2023-10-02
T1024,P002,Electronics,NULL,300,London,2023-10-02
T1025,P007,Books,7,10.99,New York,2023-10-03
T1026,P003,Electronics,10,150,Tokyo,2023-10-03
T1027,P012,Books,13,12.5,London,2023-10-04
T1028,P008,Apparel,16,NULL,New York,2023-10-04
T1029,P004,Electronics,19,450,Tokyo,2023-10-05
T1030,P006,Apparel,21,50,London,2023-10-05
T1031,P001,Electronics,60,150,New York,2023-10-01
T1032,P005,Apparel,65,45.5,Paris,2023-10-01
T1033,P010,Apparel,70,150,New York,2023-10-02
T1034,P002,Electronics,NULL,45.5,New York,2023-10-02
T1035,P007,Books,24,20,London,2023-10-03
T1036,P003,Electronics,27,300,New York,2023-10-03
T1037,P012,Books,30,10.99,Tokyo,2023-10-04
T1038,P008,Apparel,33,150,London,2023-10-04
T1039,P004,Electronics,36,12.5,New York,2023-10-05
T1040,P006,Apparel,39,NULL,Tokyo,2023-10-05
T1041,P001,Electronics,75,450,London,2023-10-01
T1042,P005,Apparel,80,50,New York,2023-10-01
T1043,P010,Apparel,85,150,Paris,2023-10-02
T1044,P002,Electronics,NULL,45.5,New York,2023-10-02
T1045,P007,Books,41,20,New York,2023-10-03
T1046,P003,Electronics,44,300,London,2023-10-03
T1047,P012,Books,47,10.99,New York,2023-10-04
T1048,P008,Apparel,50,150,Tokyo,2023-10-04
T1049,P004,Electronics,53,12.5,London,2023-10-05
T1050,P006,Apparel,56,NULL,New York,2023-10-05
T1051,P001,Electronics,90,450,Tokyo,2023-10-01
T1052,P005,Apparel,95,50,London,2023-10-01
T1053,P010,Apparel,100,150,New York,2023-10-02
T1054,P002,Electronics,NULL,45.5,Paris,2023-10-02
T1055,P007,Books,59,20,New York,2023-10-03
T1056,P003,Electronics,61,300,New York,2023-10-03
T1057,P012,Books,64,10.99,London,2023-10-04
T1058,P008,Apparel,67,150,New York,2023-10-04
T1059,P004,Electronics,70,12.5,Tokyo,2023-10-05
T1060,P006,Apparel,73,NULL,London,2023-10-05
T1061,P001,Electronics,105,450,New York,2023-10-01
T1062,P005,Apparel,110,50,Tokyo,2023-10-01
T1063,P010,Apparel,115,150,London,2023-10-02
T1064,P002,Electronics,NULL,45.5,New York,2023-10-02
T1065,P007,Books,76,20,Paris,2023-10-03
T1066,P003,Electronics,79,300,New York,2023-10-03
T1067,P012,Books,81,10.99,New York,2023-10-04
T1068,P008,Apparel,84,150,London,2023-10-04
T1069,P004,Electronics,87,12.5,New York,2023-10-05
T1070,P006,Apparel,90,NULL,Tokyo,2023-10-05
T1071,P001,Electronics,120,450,London,2023-10-01
T1072,P005,Apparel,125,50,New York,2023-10-01
T1073,P010,Apparel,130,150,Tokyo,2023-10-02
T1074,P002,Electronics,NULL,45.5,London,2023-10-02
T1075,P007,Books,93,20,New York,2023-10-03
T1076,P003,Electronics,96,300,Paris,2023-10-03
T1077,P012,Books,99,10.99,New York,2023-10-04
T1078,P008,Apparel,101,150,New York,2023-10-04
T1079,P004,Electronics,104,12.5,London,2023-10-05
T1080,P006,Apparel,107,NULL,New York,2023-10-05
T1081,P001,Electronics,135,150,Tokyo,2023-10-01
T1082,P005,Apparel,140,45.5,London,2023-10-01
T1083,P010,Apparel,145,20,New York,2023-10-02
T1084,P002,Electronics,NULL,300,Tokyo,2023-10-02
T1085,P007,Books,110,10.99,London,2023-10-03
T1086,P003,Electronics,113,150,New York,2023-10-03
T1087,P012,Books,116,12.5,Paris,2023-10-04
T1088,P008,Apparel,119,NULL,New York,2023-10-04
T1089,P004,Electronics,121,450,New York,2023-10-05
T1090,P006,Apparel,124,50,London,2023-10-05
T1091,P001,Electronics,150,150,New York,2023-10-01
T1092,P005,Apparel,155,45.5,Tokyo,2023-10-01
T1093,P010,Apparel,160,20,London,2023-10-02
T1094,P002,Electronics,NULL,300,New York,2023-10-02
T1095,P007,Books,127,10.99,Tokyo,2023-10-03
T1096,P003,Electronics,130,150,London,2023-10-03
T1097,P012,Books,133,12.5,New York,2023-10-04
T1098,P008,Apparel,136,NULL,Paris,2023-10-04
T1099,P004,Electronics,139,450,New York,2023-10-05
T1100,P006,Apparel,141,50,New York,2023-10-05
T1101,P001,Electronics,165,150,London,2023-10-01
T1102,P005,Apparel,170,45.5,New York,2023-10-01
T1103,P010,Apparel,175,20,Tokyo,2023-10-02
T1104,P002,Electronics,NULL,300,London,2023-10-02
T1105,P007,Books,144,10.99,New York,2023-10-03
T1106,P003,Electronics,147,150,Tokyo,2023-10-03
T1107,P012,Books,150,12.5,London,2023-10-04
T1108,P008,Apparel,153,NULL,New York,2023-10-04
T1109,P004,Electronics,156,450,Paris,2023-10-05
T1110,P006,Apparel,159,50,New York,2023-10-05
T1111,P001,Electronics,180,150,New York,2023-10-01
T1112,P005,Apparel,185,45.5,London,2023-10-01
T1113,P010,Apparel,190,150,New York,2023-10-02
T1114,P002,Electronics,NULL,45.5,Tokyo,2023-10-02
T1115,P007,Books,161,20,London,2023-10-03
T1116,P003,Electronics,164,300,New York,2023-10-03
T1117,P012,Books,167,10.99,Tokyo,2023-10-04
T1118,P008,Apparel,170,150,London,2023-10-04
T1119,P004,Electronics,173,12.5,New York,2023-10-05
T1120,P006,Apparel,176,NULL,Paris,2023-10-05
T1121,P001,Electronics,195,450,New York,2023-10-01
T1122,P005,Apparel,200,50,New York,2023-10-01
T1123,P010,Apparel,205,150,London,2023-10-02
T1124,P002,Electronics,NULL,45.5,New York,2023-10-02
T1125,P007,Books,179,20,Tokyo,2023-10-03
T1126,P003,Electronics,181,300,London,2023-10-03
T1127,P012,Books,184,10.99,New York,2023-10-04
T1128,P008,Apparel,187,150,Tokyo,2023-10-04
T1129,P004,Electronics,190,12.5,London,2023-10-05
T1130,P006,Apparel,193,NULL,New York,2023-10-05
T1131,P001,Electronics,210,450,Paris,2023-10-01
T1132,P005,Apparel,215,50,New York,2023-10-01
T1133,P010,Apparel,220,150,New York,2023-10-02
T1134,P002,Electronics,NULL,45.5,London,2023-10-02
T1135,P007,Books,196,20,New York,2023-10-03
T1136,P003,Electronics,199,300,Tokyo,2023-10-03
T1137,P012,Books,201,10.99,London,2023-10-04
T1138,P008,Apparel,204,150,New York,2023-10-04
T1139,P004,Electronics,207,12.5,Tokyo,2023-10-05
T1140,P006,Apparel,210,NULL,London,2023-10-05
T1141,P001,Electronics,225,450,New York,2023-10-01
T1142,P005,Apparel,230,50,Paris,2023-10-01
T1143,P010,Apparel,235,150,New York,2023-10-02
T1144,P002,Electronics,NULL,45.5,New York,2023-10-02
T1145,P007,Books,213,20,London,2023-10-03
T1146,P003,Electronics,216,300,New York,2023-10-03
T1147,P012,Books,219,10.99,Tokyo,2023-10-04
T1148,P008,Apparel,221,150,London,2023-10-04
T1149,P004,Electronics,224,12.5,New York,2023-10-05
T1150,P006,Apparel,227,NULL,Tokyo,2023-10-05
T1151,P001,Electronics,240,450,London,2023-10-01
T1152,P005,Apparel,245,50,New York,2023-10-01
T1153,P010,Apparel,250,150,Paris,2023-10-02
T1154,P002,Electronics,NULL,45.5,New York,2023-10-02
T1155,P007,Books,230,20,New York,2023-10-03
T1156,P003,Electronics,233,300,London,2023-10-03
T1157,P012,Books,236,10.99,New York,2023-10-04
T1158,P008,Apparel,239,150,Tokyo,2023-10-04
T1159,P004,Electronics,241,12.5,London,2023-10-05
T1160,P006,Apparel,244,NULL,New York,2023-10-05
T1161,P001,Electronics,255,450,Tokyo,2023-10-01
T1162,P005,Apparel,260,50,London,2023-10-01
T1163,P010,Apparel,265,150,New York,2023-10-02
T1164,P002,Electronics,NULL,45.5,Paris,2023-10-02
T1165,P007,Books,247,150,New York,2023-10-03
T1166,P003,Electronics,250,45.5,New York,2023-10-03
T1167,P012,Books,253,20,London,2023-10-04
T1168,P008,Apparel,256,300,New York,2023-10-04
T1169,P004,Electronics,259,10.99,Tokyo,2023-10-05
T1170,P006,Apparel,261,150,London,2023-10-05
T1171,P001,Electronics,270,12.5,New York,2023-10-01
T1172,P005,Apparel,275,NULL,Tokyo,2023-10-01
T1173,P010,Apparel,280,450,London,2023-10-02
T1174,P002,Electronics,NULL,50,New York,2023-10-02
T1175,P007,Books,264,150,Paris,2023-10-03
T1176,P003,Electronics,267,45.5,New York,2023-10-03
T1177,P012,Books,270,20,New York,2023-10-04
T1178,P008,Apparel,273,300,London,2023-10-04
T1179,P004,Electronics,276,10.99,New York,2023-10-05
T1180,P006,Apparel,279,150,Tokyo,2023-10-05
T1181,P001,Electronics,285,12.5,London,2023-10-01
T1182,P005,Apparel,290,NULL,New York,2023-10-01
T1183,P010,Apparel,295,450,Tokyo,2023-10-02
T1184,P002,Electronics,NULL,50,London,2023-10-02
T1185,P007,Books,281,10.99,New York,2023-10-03
T1186,P003,Electronics,284,150,Paris,2023-10-03
T1187,P012,Books,287,12.5,New York,2023-10-04
T1188,P008,Apparel,290,NULL,New York,2023-10-04
T1189,P004,Electronics,293,150,London,2023-10-05
T1190,P006,Apparel,296,45.5,New York,2023-10-05
T1191,P001,Electronics,300,20,Tokyo,2023-10-01
T1192,P005,Apparel,305,300,London,2023-10-01
T1193,P010,Apparel,310,10.99,New York,2023-10-02
T1194,P002,Electronics,NULL,150,Tokyo,2023-10-02
T1195,P007,Books,299,12.5,London,2023-10-03
T1196,P003,Electronics,301,NULL,New York,2023-10-03
T1197,P012,Books,304,450,Paris,2023-10-04
T1198,P008,Apparel,307,50,New York,2023-10-04
T1199,P004,Electronics,310,150,New York,2023-10-05
T1200,P006,Apparel,313,45.5,London,2023-10-05
T1201,P001,Electronics,315,20,New York,2023-10-01
T1202,P005,Apparel,320,300,Tokyo,2023-10-01
T1203,P010,Apparel,325,10.99,London,2023-10-02
T1204,P002,Electronics,NULL,150,New York,2023-10-02
T1205,P007,Books,316,12.5,Tokyo,2023-10-03
T1206,P003,Electronics,319,NULL,London,2023-10-03
T1207,P012,Books,321,450,New York,2023-10-04
T1208,P008,Apparel,324,50,Paris,2023-10-04
T1209,P004,Electronics,327,150,New York,2023-10-05
T1210,P006,Apparel,330,45.5,New York,2023-10-05
T1211,P001,Electronics,330,20,London,2023-10-01
T1212,P005,Apparel,335,300,New York,2023-10-01
T1213,P010,Apparel,340,10.99,Tokyo,2023-10-02
T1214,P002,Electronics,NULL,150,London,2023-10-02
T1215,P007,Books,333,12.5,New York,2023-10-03
T1216,P003,Electronics,336,NULL,Tokyo,2023-10-03
T1217,P012,Books,339,450,London,2023-10-04
T1218,P008,Apparel,341,50,New York,2023-10-04
T1219,P004,Electronics,344,150,Paris,2023-10-05
T1220,P006,Apparel,347,45.5,New York,2023-10-05
T1221,P001,Electronics,345,150,New York,2023-10-01
T1222,P005,Apparel,350,45.5,London,2023-10-01
T1223,P010,Apparel,355,20,New York,2023-10-02
T1224,P002,Electronics,NULL,300,Tokyo,2023-10-02
T1225,P007,Books,350,10.99,London,2023-10-03
T1226,P003,Electronics,353,150,New York,2023-10-03
T1227,P012,Books,356,12.5,Tokyo,2023-10-04
T1228,P008,Apparel,359,NULL,London,2023-10-04
T1229,P004,Electronics,361,450,New York,2023-10-05
T1230,P006,Apparel,364,50,Paris,2023-10-05
T1231,P001,Electronics,360,150,New York,2023-10-01
T1232,P005,Apparel,365,45.5,New York,2023-10-01
T1233,P010,Apparel,370,20,London,2023-10-02
T1234,P002,Electronics,NULL,300,New York,2023-10-02
T1235,P007,Books,367,10.99,Tokyo,2023-10-03
T1236,P003,Electronics,370,150,London,2023-10-03
T1237,P012,Books,373,12.5,New York,2023-10-04
T1238,P008,Apparel,376,150,Tokyo,2023-10-04
T1239,P004,Electronics,379,45.5,London,2023-10-05
T1240,P006,Apparel,381,20,New York,2023-10-05
T1241,P001,Electronics,375,300,Paris,2023-10-01
T1242,P005,Apparel,380,10.99,New York,2023-10-01
T1243,P010,Apparel,385,150,New York,2023-10-02
T1244,P002,Electronics,NULL,12.5,London,2023-10-02
T1245,P007,Books,384,NULL,New York,2023-10-03
T1246,P003,Electronics,387,450,Tokyo,2023-10-03
T1247,P012,Books,390,50,London,2023-10-04
T1248,P008,Apparel,393,150,New York,2023-10-04
T1249,P004,Electronics,396,45.5,Tokyo,2023-10-05
T1250,P006,Apparel,399,20,London,2023-10-05
T1251,P001,Electronics,390,300,New York,2023-10-01
T1252,P005,Apparel,395,10.99,Paris,2023-10-01
T1253,P010,Apparel,400,150,New York,2023-10-02
T1254,P002,Electronics,NULL,12.5,New York,2023-10-02
T1255,P007,Books,401,NULL,London,2023-10-03
T1256,P003,Electronics,404,450,New York,2023-10-03
T1257,P012,Books,407,50,Tokyo,2023-10-04
T1258,P008,Apparel,410,150,London,2023-10-04
T1259,P004,Electronics,413,45.5,New York,2023-10-05
T1260,P006,Apparel,416,20,Tokyo,2023-10-05
T1261,P001,Electronics,405,300,London,2023-10-01
T1262,P005,Apparel,410,10.99,New York,2023-10-01
T1263,P010,Apparel,415,150,Paris,2023-10-02
T1264,P002,Electronics,NULL,12.5,New York,2023-10-02
T1265,P007,Books,419,NULL,New York,2023-10-03
T1266,P003,Electronics,421,450,London,2023-10-03
T1267,P012,Books,424,50,New York,2023-10-04
T1268,P008,Apparel,427,150,Tokyo,2023-10-04
T1269,P004,Electronics,430,45.5,London,2023-10-05
T1270,P006,Apparel,433,150,New York,2023-10-05
T1271,P001,Electronics,420,45.5,Tokyo,2023-10-01
T1272,P005,Apparel,425,20,London,2023-10-01
T1273,P010,Apparel,430,300,New York,2023-10-02
T1274,P002,Electronics,NULL,10.99,Paris,2023-10-02
T1275,P007,Books,436,150,New York,2023-10-03
T1276,P003,Electronics,439,12.5,New York,2023-10-03
T1277,P012,Books,441,NULL,London,2023-10-04
T1278,P008,Apparel,444,450,New York,2023-10-04
T1279,P004,Electronics,447,50,Tokyo,2023-10-05
T1280,P006,Apparel,450,150,London,2023-10-05
T1281,P001,Electronics,435,45.5,New York,2023-10-01
T1282,P005,Apparel,440,20,Tokyo,2023-10-01
T1283,P010,Apparel,445,300,London,2023-10-02
T1284,P002,Electronics,NULL,10.99,New York,2023-10-02
T1285,P007,Books,453,150,Paris,2023-10-03
T1286,P003,Electronics,456,12.5,New York,2023-10-03
T1287,P012,Books,459,NULL,New York,2023-10-04
T1288,P008,Apparel,461,450,London,2023-10-04
T1289,P004,Electronics,464,50,New York,2023-10-05
T1290,P006,Apparel,467,10.99,Tokyo,2023-10-05
T1291,P001,Electronics,450,150,London,2023-10-01
T1292,P005,Apparel,455,12.5,New York,2023-10-01
T1293,P010,Apparel,460,NULL,Tokyo,2023-10-02
T1294,P002,Electronics,NULL,450,London,2023-10-02
T1295,P007,Books,470,150,New York,2023-10-03
T1296,P003,Electronics,473,45.5,Paris,2023-10-03
T1297,P012,Books,476,20,New York,2023-10-04
T1298,P008,Apparel,479,300,New York,2023-10-04
T1299,P004,Electronics,481,10.99,London,2023-10-05
T1300,P006,Apparel,484,150,New York,2023-10-05
T1301,P001,Electronics,465,12.5,Tokyo,2023-10-01
T1302,P005,Apparel,470,NULL,London,2023-10-01
T1303,P010,Apparel,475,450,New York,2023-10-02
T1304,P002,Electronics,NULL,50,Tokyo,2023-10-02
T1305,P007,Books,487,150,London,2023-10-03
T1306,P003,Electronics,490,45.5,New York,2023-10-03
T1307,P012,Books,493,20,Paris,2023-10-04
T1308,P008,Apparel,496,300,New York,2023-10-04
T1309,P004,Electronics,499,10.99,New York,2023-10-05
T1310,P006,Apparel,501,150,London,2023-10-05
T1311,P001,Electronics,480,12.5,New York,2023-10-01
T1312,P005,Apparel,485,NULL,Tokyo,2023-10-01
T1313,P010,Apparel,490,450,London,2023-10-02
T1314,P002,Electronics,NULL,50,New York,2023-10-02
T1315,P007,Books,504,150,Tokyo,2023-10-03
T1316,P003,Electronics,507,45.5,London,2023-10-03
T1317,P012,Books,510,20,New York,2023-10-04
T1318,P008,Apparel,513,300,Paris,2023-10-04
T1319,P004,Electronics,516,10.99,New York,2023-10-05
T1320,P006,Apparel,519,150,New York,2023-10-05
T1321,P001,Electronics,495,12.5,London,2023-10-01
T1322,P005,Apparel,500,NULL,New York,2023-10-01
T1323,P010,Apparel,505,450,Tokyo,2023-10-02
T1324,P002,Electronics,NULL,50,London,2023-10-02
T1325,P007,Books,521,150,New York,2023-10-03
T1326,P003,Electronics,524,45.5,Tokyo,2023-10-03
T1327,P012,Books,527,150,London,2023-10-04
T1328,P008,Apparel,530,45.5,New York,2023-10-04
T1329,P004,Electronics,533,20,Paris,2023-10-05
T1330,P006,Apparel,536,300,New York,2023-10-05
T1331,P001,Electronics,510,10.99,New York,2023-10-01
T1332,P005,Apparel,515,150,London,2023-10-01
T1333,P010,Apparel,520,12.5,New York,2023-10-02
T1334,P002,Electronics,NULL,NULL,Tokyo,2023-10-02
T1335,P007,Books,539,450,London,2023-10-03
T1336,P003,Electronics,541,150,New York,2023-10-03
T1337,P012,Books,544,45.5,Tokyo,2023-10-04
T1338,P008,Apparel,547,20,London,2023-10-04
T1339,P004,Electronics,550,300,New York,2023-10-05
T1340,P006,Apparel,553,10.99,Paris,2023-10-05
T1341,P001,Electronics,525,150,New York,2023-10-01
T1342,P005,Apparel,530,12.5,New York,2023-10-01
T1343,P010,Apparel,535,NULL,London,2023-10-02
T1344,P002,Electronics,NULL,450,New York,2023-10-02
T1345,P007,Books,556,50,Tokyo,2023-10-03
T1346,P003,Electronics,559,150,London,2023-10-03
T1347,P012,Books,561,45.5,New York,2023-10-04
T1348,P008,Apparel,564,20,Tokyo,2023-10-04
T1349,P004,Electronics,567,300,London,2023-10-05
T1350,P006,Apparel,570,10.99,New York,2023-10-05
T1351,P001,Electronics,540,150,Paris,2023-10-01
T1352,P005,Apparel,545,12.5,New York,2023-10-01
T1353,P010,Apparel,550,NULL,New York,2023-10-02
T1354,P002,Electronics,NULL,450,London,2023-10-02
T1355,P007,Books,573,50,New York,2023-10-03
T1356,P003,Electronics,576,150,Tokyo,2023-10-03
T1357,P012,Books,579,45.5,London,2023-10-04
T1358,P008,Apparel,581,20,New York,2023-10-04
T1359,P004,Electronics,584,300,Tokyo,2023-10-05
T1360,P006,Apparel,587,10.99,London,2023-10-05
T1361,P001,Electronics,555,150,New York,2023-10-01
T1362,P005,Apparel,560,12.5,Paris,2023-10-01
T1363,P010,Apparel,565,NULL,New York,2023-10-02
T1364,P002,Electronics,NULL,450,New York,2023-10-02
T1365,P007,Books,590,50,London,2023-10-03
T1366,P003,Electronics,593,150,New York,2023-10-03
T1367,P012,Books,596,45.5,Tokyo,2023-10-04
T1368,P008,Apparel,599,150,London,2023-10-04
T1369,P004,Electronics,601,45.5,New York,2023-10-05
T1370,P006,Apparel,604,20,Tokyo,2023-10-05
T1371,P001,Electronics,570,300,London,2023-10-01
T1372,P005,Apparel,575,10.99,New York,2023-10-01
T1373,P010,Apparel,580,150,Paris,2023-10-02
T1374,P002,Electronics,NULL,12.5,New York,2023-10-02
T1375,P007,Books,607,NULL,New York,2023-10-03
T1376,P003,Electronics,610,450,London,2023-10-03
T1377,P012,Books,613,50,New York,2023-10-04
T1378,P008,Apparel,616,150,Tokyo,2023-10-04
T1379,P004,Electronics,619,45.5,London,2023-10-05
T1380,P006,Apparel,621,20,New York,2023-10-05
T1381,P001,Electronics,585,300,Tokyo,2023-10-01
T1382,P005,Apparel,590,150,London,2023-10-01
T1383,P010,Apparel,595,45.5,New York,2023-10-02
T1384,P002,Electronics,NULL,20,Paris,2023-10-02
T1385,P007,Books,624,300,New York,2023-10-03
T1386,P003,Electronics,627,10.99,New York,2023-10-03
T1387,P012,Books,630,150,London,2023-10-04
T1388,P008,Apparel,633,12.5,New York,2023-10-04
T1389,P004,Electronics,636,NULL,Tokyo,2023-10-05
T1390,P006,Apparel,639,450,London,2023-10-05
T1391,P001,Electronics,600,50,New York,2023-10-01
T1392,P005,Apparel,605,150,Tokyo,2023-10-01
T1393,P010,Apparel,610,45.5,London,2023-10-02
T1394,P002,Electronics,NULL,20,New York,2023-10-02
T1395,P007,Books,641,300,Paris,2023-10-03
T1396,P003,Electronics,644,10.99,New York,2023-10-03
T1397,P012,Books,647,150,New York,2023-10-04
T1398,P008,Apparel,650,12.5,London,2023-10-04
T1399,P004,Electronics,653,NULL,New York,2023-10-05
T1400,P006,Apparel,656,450,Tokyo,2023-10-05
T1401,P001,Electronics,615,50,London,2023-10-01
T1402,P005,Apparel,620,150,New York,2023-10-01
T1403,P010,Apparel,625,45.5,Tokyo,2023-10-02
T1404,P002,Electronics,NULL,20,London,2023-10-02
T1405,P007,Books,659,300,New York,2023-10-03
T1406,P003,Electronics,661,10.99,Paris,2023-10-03
T1407,P012,Books,664,150,New York,2023-10-04
T1408,P008,Apparel,667,12.5,New York,2023-10-04
T1409,P004,Electronics,670,NULL,London,2023-10-05
T1410,P006,Apparel,673,450,New York,2023-10-05
T1411,P001,Electronics,630,50,Tokyo,2023-10-01
T1412,P005,Apparel,635,150,London,2023-10-01
T1413,P010,Apparel,640,45.5,New York,2023-10-02
T1414,P002,Electronics,NULL,150,Tokyo,2023-10-02
T1415,P007,Books,676,45.5,London,2023-10-03
T1416,P003,Electronics,679,20,New York,2023-10-03
T1417,P012,Books,681,300,Paris,2023-10-04
T1418,P008,Apparel,684,10.99,New York,2023-10-04
T1419,P004,Electronics,687,150,New York,2023-10-05
T1420,P006,Apparel,690,12.5,London,2023-10-05
T1421,P001,Electronics,645,NULL,New York,2023-10-01
T1422,P005,Apparel,650,450,Tokyo,2023-10-01
T1423,P010,Apparel,655,50,London,2023-10-02
T1424,P002,Electronics,NULL,150,New York,2023-10-02
T1425,P007,Books,693,45.5,Tokyo,2023-10-03
T1426,P003,Electronics,696,20,London,2023-10-03
T1427,P012,Books,699,300,New York,2023-10-04
T1428,P008,Apparel,701,10.99,Paris,2023-10-04
T1429,P004,Electronics,704,150,New York,2023-10-05
T1430,P006,Apparel,707,12.5,New York,2023-10-05
T1431,P001,Electronics,660,NULL,London,2023-10-01
T1432,P005,Apparel,665,450,New York,2023-10-01
T1433,P010,Apparel,670,50,Tokyo,2023-10-02
T1434,P002,Electronics,NULL,10.99,London,2023-10-02
T1435,P007,Books,710,150,New York,2023-10-03
T1436,P003,Electronics,713,12.5,Tokyo,2023-10-03
T1437,P012,Books,716,NULL,London,2023-10-04
T1438,P008,Apparel,719,450,New York,2023-10-04
T1439,P004,Electronics,721,50,Paris,2023-10-05
T1440,P006,Apparel,724,150,New York,2023-10-05
T1441,P001,Electronics,675,45.5,New York,2023-10-01
T1442,P005,Apparel,680,20,London,2023-10-01
T1443,P010,Apparel,685,300,New York,2023-10-02
T1444,P002,Electronics,NULL,10.99,Tokyo,2023-10-02
T1445,P007,Books,727,150,London,2023-10-03
T1446,P003,Electronics,730,12.5,New York,2023-10-03
T1447,P012,Books,733,NULL,Tokyo,2023-10-04
T1448,P008,Apparel,736,450,London,2023-10-04
T1449,P004,Electronics,739,50,New York,2023-10-05
T1450,P006,Apparel,741,150,Paris,2023-10-05
T1451,P001,Electronics,690,45.5,New York,2023-10-01
T1452,P005,Apparel,695,20,New York,2023-10-01
T1453,P010,Apparel,700,300,London,2023-10-02
T1454,P002,Electronics,NULL,10.99,New York,2023-10-02
T1455,P007,Books,744,150,Tokyo,2023-10-03
T1456,P003,Electronics,747,12.5,London,2023-10-03
T1457,P012,Books,750,NULL,New York,2023-10-04
T1458,P008,Apparel,753,450,Tokyo,2023-10-04
T1459,P004,Electronics,756,50,London,2023-10-05
T1460,P006,Apparel,759,150,New York,2023-10-05
T1461,P001,Electronics,705,45.5,Paris,2023-10-01
T1462,P005,Apparel,710,20,New York,2023-10-01
T1463,P010,Apparel,715,300,New York,2023-10-02
T1464,P002,Electronics,NULL,10.99,London,2023-10-02
T1465,P007,Books,761,150,New York,2023-10-03
T1466,P003,Electronics,764,12.5,Tokyo,2023-10-03
T1467,P012,Books,767,NULL,London,2023-10-04
T1468,P008,Apparel,770,450,New York,2023-10-04
T1469,P004,Electronics,773,50,Tokyo,2023-10-05
T1470,P006,Apparel,776,150,London,2023-10-05
T1471,P001,Electronics,720,45.5,New York,2023-10-01
T1472,P005,Apparel,725,150,Paris,2023-10-01
T1473,P010,Apparel,730,45.5,New York,2023-10-02
T1474,P002,Electronics,NULL,20,New York,2023-10-02
T1475,P007,Books,779,300,London,2023-10-03
T1476,P003,Electronics,781,10.99,New York,2023-10-03
T1477,P012,Books,784,150,Tokyo,2023-10-04
T1478,P008,Apparel,787,12.5,London,2023-10-04
T1479,P004,Electronics,790,NULL,New York,2023-10-05
T1480,P006,Apparel,793,450,Tokyo,2023-10-05
T1481,P001,Electronics,735,50,London,2023-10-01
T1482,P005,Apparel,740,150,New York,2023-10-01
T1483,P010,Apparel,745,45.5,Paris,2023-10-02
T1484,P002,Electronics,NULL,20,New York,2023-10-02
T1485,P007,Books,796,300,New York,2023-10-03
T1486,P003,Electronics,799,10.99,London,2023-10-03
T1487,P012,Books,801,150,New York,2023-10-04
T1488,P008,Apparel,804,12.5,Tokyo,2023-10-04
T1489,P004,Electronics,807,NULL,London,2023-10-05
T1490,P006,Apparel,810,450,New York,2023-10-05
T1491,P001,Electronics,750,50,Tokyo,2023-10-01
T1492,P005,Apparel,755,10.99,London,2023-10-01
T1493,P010,Apparel,760,150,New York,2023-10-02
T1494,P002,Electronics,NULL,12.5,Paris,2023-10-02
T1495,P007,Books,813,NULL,New York,2023-10-03
T1496,P003,Electronics,816,450,New York,2023-10-03
T1497,P012,Books,819,50,London,2023-10-04
T1498,P008,Apparel,821,150,New York,2023-10-04
T1499,P004,Electronics,824,45.5,Tokyo,2023-10-05
T1500,P006,Apparel,827,20,London,2023-10-05
T1501,P001,Electronics,765,300,New York,2023-10-01
T1502,P005,Apparel,770,10.99,Tokyo,2023-10-01
T1503,P010,Apparel,775,150,London,2023-10-02
T1504,P002,Electronics,NULL,12.5,New York,2023-10-02
T1505,P007,Books,830,NULL,Paris,2023-10-03
T1506,P003,Electronics,833,450,New York,2023-10-03
T1507,P012,Books,836,50,New York,2023-10-04
T1508,P008,Apparel,839,150,London,2023-10-04
T1509,P004,Electronics,841,45.5,New York,2023-10-05
T1510,P006,Apparel,844,20,Tokyo,2023-10-05
T1511,P001,Electronics,780,300,London,2023-10-01
T1512,P005,Apparel,785,10.99,New York,2023-10-01
T1513,P010,Apparel,790,150,Tokyo,2023-10-02
T1514,P002,Electronics,NULL,12.5,London,2023-10-02
T1515,P007,Books,847,NULL,New York,2023-10-03
T1516,P003,Electronics,850,450,Paris,2023-10-03
T1517,P012,Books,853,50,New York,2023-10-04
T1518,P008,Apparel,856,150,New York,2023-10-04
T1519,P004,Electronics,859,45.5,London,2023-10-05
T1520,P006,Apparel,861,20,New York,2023-10-05
T1521,P001,Electronics,795,300,Tokyo,2023-10-01
T1522,P005,Apparel,800,10.99,London,2023-10-01
T1523,P010,Apparel,805,150,New York,2023-10-02
T1524,P002,Electronics,NULL,12.5,Tokyo,2023-10-02
T1525,P007,Books,864,NULL,London,2023-10-03
T1526,P003,Electronics,867,450,New York,2023-10-03
T1527,P012,Books,870,50,Paris,2023-10-04
T1528,P008,Apparel,873,150,New York,2023-10-04
T1529,P004,Electronics,876,45.5,New York,2023-10-05
T1530,P006,Apparel,879,150,London,2023-10-05
T1531,P001,Electronics,810,45.5,New York,2023-10-01
T1532,P005,Apparel,815,20,Tokyo,2023-10-01
T1533,P010,Apparel,820,300,London,2023-10-02
T1534,P002,Electronics,NULL,10.99,New York,2023-10-02
T1535,P007,Books,881,150,Tokyo,2023-10-03
T1536,P003,Electronics,884,12.5,London,2023-10-03
T1537,P012,Books,887,NULL,New York,2023-10-04
T1538,P008,Apparel,890,450,Paris,2023-10-04
T1539,P004,Electronics,893,50,New York,2023-10-05
T1540,P006,Apparel,896,150,New York,2023-10-05
T1541,P001,Electronics,825,45.5,London,2023-10-01
T1542,P005,Apparel,830,20,New York,2023-10-01
T1543,P010,Apparel,835,150,Tokyo,2023-10-02
T1544,P002,Electronics,NULL,45.5,London,2023-10-02
T1545,P007,Books,899,20,New York,2023-10-03
T1546,P003,Electronics,901,300,Tokyo,2023-10-03
T1547,P012,Books,904,10.99,London,2023-10-04
T1548,P008,Apparel,907,150,New York,2023-10-04
T1549,P004,Electronics,910,12.5,Paris,2023-10-05
T1550,P006,Apparel,913,NULL,New York,2023-10-05
T1551,P001,Electronics,840,450,New York,2023-10-01
T1552,P005,Apparel,845,50,London,2023-10-01
T1553,P010,Apparel,850,150,New York,2023-10-02
T1554,P002,Electronics,NULL,45.5,Tokyo,2023-10-02
T1555,P007,Books,916,20,London,2023-10-03
T1556,P003,Electronics,919,300,New York,2023-10-03
T1557,P012,Books,921,10.99,Tokyo,2023-10-04
T1558,P008,Apparel,924,150,London,2023-10-04
T1559,P004,Electronics,927,12.5,New York,2023-10-05
T1560,P006,Apparel,930,NULL,Paris,2023-10-05
T1561,P001,Electronics,855,450,New York,2023-10-01
T1562,P005,Apparel,860,50,New York,2023-10-01
T1563,P010,Apparel,865,150,London,2023-10-02
T1564,P002,Electronics,NULL,45.5,New York,2023-10-02
T1565,P007,Books,933,20,Tokyo,2023-10-03
T1566,P003,Electronics,936,300,London,2023-10-03
T1567,P012,Books,939,10.99,New York,2023-10-04
T1568,P008,Apparel,941,150,Tokyo,2023-10-04
T1569,P004,Electronics,944,12.5,London,2023-10-05
T1570,P006,Apparel,947,NULL,New York,2023-10-05
T1571,P001,Electronics,870,450,Paris,2023-10-01
T1572,P005,Apparel,875,50,New York,2023-10-01
T1573,P010,Apparel,880,150,New York,2023-10-02
T1574,P002,Electronics,NULL,45.5,London,2023-10-02
T1575,P007,Books,950,150,New York,2023-10-03
T1576,P003,Electronics,953,45.5,Tokyo,2023-10-03
T1577,P012,Books,956,20,London,2023-10-04
T1578,P008,Apparel,959,300,New York,2023-10-04
T1579,P004,Electronics,961,10.99,Tokyo,2023-10-05
T1580,P006,Apparel,964,150,London,2023-10-05
T1581,P001,Electronics,885,12.5,New York,2023-10-01
T1582,P005,Apparel,890,NULL,Paris,2023-10-01
T1583,P010,Apparel,895,450,New York,2023-10-02
T1584,P002,Electronics,NULL,50,New York,2023-10-02
T1585,P007,Books,967,150,London,2023-10-03
T1586,P003,Electronics,970,45.5,New York,2023-10-03
T1587,P012,Books,973,20,Tokyo,2023-10-04
T1588,P008,Apparel,976,300,London,2023-10-04
T1589,P004,Electronics,979,10.99,New York,2023-10-05
T1590,P006,Apparel,981,150,Tokyo,2023-10-05
T1591,P001,Electronics,900,12.5,London,2023-10-01
T1592,P005,Apparel,905,NULL,New York,2023-10-01
T1593,P010,Apparel,910,450,Paris,2023-10-02
T1594,P002,Electronics,NULL,50,New York,2023-10-02
T1595,P007,Books,984,10.99,New York,2023-10-03
T1596,P003,Electronics,987,150,London,2023-10-03
T1597,P012,Books,990,12.5,New York,2023-10-04
T1598,P008,Apparel,993,150,Tokyo,2023-10-04
T1599,P004,Electronics,996,45.5,London,2023-10-05
T1600,P006,Apparel,999,20,New York,2023-10-05
T1601,P001,Electronics,915,300,Tokyo,2023-10-01
T1602,P005,Apparel,920,10.99,London,2023-10-01
T1603,P010,Apparel,925,150,New York,2023-10-02
T1604,P002,Electronics,NULL,12.5,Paris,2023-10-02
T1605,P007,Books,1001,NULL,New York,2023-10-03
T1606,P003,Electronics,1004,450,New York,2023-10-03
T1607,P012,Books,1007,50,London,2023-10-04
T1608,P008,Apparel,1010,150,New York,2023-10-04
T1609,P004,Electronics,1013,45.5,Tokyo,2023-10-05
T1610,P006,Apparel,1016,20,London,2023-10-05
T1611,P001,Electronics,930,300,New York,2023-10-01
T1612,P005,Apparel,935,10.99,Tokyo,2023-10-01
T1613,P010,Apparel,940,150,London,2023-10-02
T1614,P002,Electronics,NULL,12.5,New York,2023-10-02
T1615,P007,Books,1019,NULL,Paris,2023-10-03
T1616,P003,Electronics,1021,450,New York,2023-10-03
T1617,P012,Books,1024,50,New York,2023-10-04
T1618,P008,Apparel,1027,150,London,2023-10-04
T1619,P004,Electronics,1030,45.5,New York,2023-10-05
T1620,P006,Apparel,1033,20,Tokyo,2023-10-05
T1621,P001,Electronics,945,300,London,2023-10-01
T1622,P005,Apparel,950,10.99,New York,2023-10-01
T1623,P010,Apparel,955,150,Tokyo,2023-10-02
T1624,P002,Electronics,NULL,12.5,London,2023-10-02
T1625,P007,Books,1036,NULL,New York,2023-10-03
T1626,P003,Electronics,1039,450,Paris,2023-10-03
T1627,P012,Books,1041,50,New York,2023-10-04
T1628,P008,Apparel,1044,150,New York,2023-10-04
T1629,P004,Electronics,1047,45.5,London,2023-10-05
T1630,P006,Apparel,1050,150,New York,2023-10-05
T1631,P001,Electronics,960,45.5,Tokyo,2023-10-01
T1632,P005,Apparel,965,20,London,2023-10-01
T1633,P010,Apparel,970,300,New York,2023-10-02
T1634,P002,Electronics,NULL,10.99,Tokyo,2023-10-02
T1635,P007,Books,1053,150,London,2023-10-03
T1636,P003,Electronics,1056,12.5,New York,2023-10-03
T1637,P012,Books,1059,NULL,Paris,2023-10-04
T1638,P008,Apparel,1061,450,New York,2023-10-04
T1639,P004,Electronics,1064,50,New York,2023-10-05
T1640,P006,Apparel,1067,150,London,2023-10-05
T1641,P001,Electronics,975,45.5,New York,2023-10-01
T1642,P005,Apparel,980,20,Tokyo,2023-10-01
T1643,P010,Apparel,985,300,London,2023-10-02
T1644,P002,Electronics,NULL,10.99,New York,2023-10-02
T1645,P007,Books,1070,150,Tokyo,2023-10-03
T1646,P003,Electronics,1073,12.5,London,2023-10-03
T1647,P012,Books,1076,NULL,New York,2023-10-04
T1648,P008,Apparel,1079,450,Paris,2023-10-04
T1649,P004,Electronics,1081,50,New York,2023-10-05
T1650,P006,Apparel,1084,10.99,New York,2023-10-05
T1651,P001,Electronics,990,150,London,2023-10-01
T1652,P005,Apparel,995,12.5,New York,2023-10-01
T1653,P010,Apparel,1000,150,Tokyo,2023-10-02
T1654,P002,Electronics,NULL,45.5,London,2023-10-02
T1655,P007,Books,1087,20,New York,2023-10-03
T1656,P003,Electronics,1090,300,Tokyo,2023-10-03
T1657,P012,Books,1093,10.99,London,2023-10-04
T1658,P008,Apparel,1096,150,New York,2023-10-04
T1659,P004,Electronics,1099,12.5,Paris,2023-10-05
T1660,P006,Apparel,1101,NULL,New York,2023-10-05
T1661,P001,Electronics,1005,450,New York,2023-10-01
T1662,P005,Apparel,1010,50,London,2023-10-01
T1663,P010,Apparel,1015,150,New York,2023-10-02
T1664,P002,Electronics,NULL,45.5,Tokyo,2023-10-02
T1665,P007,Books,1104,20,London,2023-10-03
T1666,P003,Electronics,1107,300,New York,2023-10-03
T1667,P012,Books,1110,10.99,Tokyo,2023-10-04
T1668,P008,Apparel,1113,150,London,2023-10-04
T1669,P004,Electronics,1116,12.5,New York,2023-10-05
T1670,P006,Apparel,1119,NULL,Paris,2023-10-05
T1671,P001,Electronics,1020,450,New York,2023-10-01
T1672,P005,Apparel,1025,50,New York,2023-10-01
T1673,P010,Apparel,1030,150,London,2023-10-02
T1674,P002,Electronics,NULL,45.5,New York,2023-10-02
T1675,P007,Books,1121,20,Tokyo,2023-10-03
T1676,P003,Electronics,1124,300,London,2023-10-03
T1677,P012,Books,1127,10.99,New York,2023-10-04
T1678,P008,Apparel,1130,150,Tokyo,2023-10-04
T1679,P004,Electronics,1133,12.5,London,2023-10-05
T1680,P006,Apparel,1136,NULL,New York,2023-10-05
T1681,P001,Electronics,1035,450,Paris,2023-10-01
T1682,P005,Apparel,1040,50,New York,2023-10-01
T1683,P010,Apparel,1045,150,New York,2023-10-02
T1684,P002,Electronics,NULL,45.5,London,2023-10-02
T1685,P007,Books,1139,150,New York,2023-10-03
T1686,P003,Electronics,1141,45.5,Tokyo,2023-10-03
T1687,P012,Books,1144,20,London,2023-10-04
T1688,P008,Apparel,1147,300,New York,2023-10-04
T1689,P004,Electronics,1150,10.99,Tokyo,2023-10-05
T1690,P006,Apparel,1153,150,London,2023-10-05
T1691,P001,Electronics,1050,12.5,New York,2023-10-01
T1692,P005,Apparel,1055,NULL,Paris,2023-10-01
T1693,P010,Apparel,1060,450,New York,2023-10-02
T1694,P002,Electronics,NULL,50,New York,2023-10-02
T1695,P007,Books,1156,150,London,2023-10-03
T1696,P003,Electronics,1159,45.5,New York,2023-10-03
T1697,P012,Books,1161,20,Tokyo,2023-10-04
T1698,P008,Apparel,1164,150,London,2023-10-04
T1699,P004,Electronics,1167,45.5,New York,2023-10-05
T1700,P006,Apparel,1170,20,Tokyo,2023-10-05
T1701,P001,Electronics,1065,300,London,2023-10-01
T1702,P005,Apparel,1070,10.99,New York,2023-10-01
T1703,P010,Apparel,1075,150,Paris,2023-10-02
T1704,P002,Electronics,NULL,12.5,New York,2023-10-02
T1705,P007,Books,1173,NULL,New York,2023-10-03
T1706,P003,Electronics,1176,450,London,2023-10-03
T1707,P012,Books,1179,50,New York,2023-10-04
T1708,P008,Apparel,1181,150,Tokyo,2023-10-04
T1709,P004,Electronics,1184,45.5,London,2023-10-05
T1710,P006,Apparel,1187,20,New York,2023-10-05
T1711,P001,Electronics,1080,300,Tokyo,2023-10-01
T1712,P005,Apparel,1085,10.99,London,2023-10-01
T1713,P010,Apparel,1090,150,New York,2023-10-02
T1714,P002,Electronics,NULL,12.5,Paris,2023-10-02
T1715,P007,Books,1190,NULL,New York,2023-10-03
T1716,P003,Electronics,1193,450,New York,2023-10-03
T1717,P012,Books,1196,50,London,2023-10-04
T1718,P008,Apparel,1199,150,New York,2023-10-04
T1719,P004,Electronics,1201,45.5,Tokyo,2023-10-05
T1720,P006,Apparel,1204,20,London,2023-10-05
T1721,P001,Electronics,1095,300,New York,2023-10-01
T1722,P005,Apparel,1100,10.99,Tokyo,2023-10-01
T1723,P010,Apparel,1105,150,London,2023-10-02
T1724,P002,Electronics,NULL,12.5,New York,2023-10-02
T1725,P007,Books,1207,NULL,Paris,2023-10-03
T1726,P003,Electronics,1210,450,New York,2023-10-03
T1727,P012,Books,1213,50,New York,2023-10-04
T1728,P008,Apparel,1216,150,London,2023-10-04
T1729,P004,Electronics,1219,45.5,New York,2023-10-05
T1730,P006,Apparel,1221,150,Tokyo,2023-10-05
T1731,P001,Electronics,1110,45.5,London,2023-10-01
T1732,P005,Apparel,1115,20,New York,2023-10-01
T1733,P010,Apparel,1120,300,Tokyo,2023-10-02
T1734,P002,Electronics,NULL,10.99,London,2023-10-02
T1735,P007,Books,1224,150,New York,2023-10-03
T1736,P003,Electronics,1227,12.5,Paris,2023-10-03
T1737,P012,Books,1230,NULL,New York,2023-10-04
T1738,P008,Apparel,1233,450,New York,2023-10-04
T1739,P004,Electronics,1236,50,London,2023-10-05
T1740,P006,Apparel,1239,150,New York,2023-10-05
T1741,P001,Electronics,1125,45.5,Tokyo,2023-10-01
T1742,P005,Apparel,1130,20,London,2023-10-01
T1743,P010,Apparel,1135,300,New York,2023-10-02
T1744,P002,Electronics,NULL,10.99,Tokyo,2023-10-02
T1745,P007,Books,1241,150,London,2023-10-03
T1746,P003,Electronics,1244,12.5,New York,2023-10-03
T1747,P012,Books,1247,NULL,Paris,2023-10-04
T1748,P008,Apparel,1250,450,New York,2023-10-04
T1749,P004,Electronics,1253,50,New York,2023-10-05
T1750,P006,Apparel,1256,10.99,London,2023-10-05
T1751,P001,Electronics,1140,150,New York,2023-10-01
T1752,P005,Apparel,1145,12.5,Tokyo,2023-10-01
T1753,P010,Apparel,1150,NULL,London,2023-10-02
T1754,P002,Electronics,NULL,450,New York,2023-10-02
T1755,P007,Books,1259,50,Tokyo,2023-10-03
T1756,P003,Electronics,1261,150,London,2023-10-03
T1757,P012,Books,1264,45.5,New York,2023-10-04
T1758,P008,Apparel,1267,20,Paris,2023-10-04
T1759,P004,Electronics,1270,300,New York,2023-10-05
T1760,P006,Apparel,1273,10.99,New York,2023-10-05
T1761,P001,Electronics,1155,150,London,2023-10-01
T1762,P005,Apparel,1160,12.5,New York,2023-10-01
T1763,P010,Apparel,1165,NULL,Tokyo,2023-10-02
T1764,P002,Electronics,NULL,450,London,2023-10-02
T1765,P007,Books,1276,50,New York,2023-10-03
T1766,P003,Electronics,1279,150,Tokyo,2023-10-03
T1767,P012,Books,1281,45.5,London,2023-10-04
T1768,P008,Apparel,1284,20,New York,2023-10-04
T1769,P004,Electronics,1287,300,Paris,2023-10-05
T1770,P006,Apparel,1290,10.99,New York,2023-10-05
T1771,P001,Electronics,1170,150,New York,2023-10-01
T1772,P005,Apparel,1175,12.5,London,2023-10-01
T1773,P010,Apparel,1180,NULL,New York,2023-10-02
T1774,P002,Electronics,NULL,450,Tokyo,2023-10-02
T1775,P007,Books,1293,50,London,2023-10-03
T1776,P003,Electronics,1296,150,New York,2023-10-03
T1777,P012,Books,1299,45.5,Tokyo,2023-10-04
T1778,P008,Apparel,1301,20,London,2023-10-04
T1779,P004,Electronics,1304,300,New York,2023-10-05
T1780,P006,Apparel,1307,10.99,Paris,2023-10-05
T1781,P001,Electronics,1185,150,New York,2023-10-01
T1782,P005,Apparel,1190,12.5,New York,2023-10-01
T1783,P010,Apparel,1195,NULL,London,2023-10-02
T1784,P002,Electronics,NULL,450,New York,2023-10-02
T1785,P007,Books,1310,50,Tokyo,2023-10-03
T1786,P003,Electronics,1313,150,London,2023-10-03
T1787,P012,Books,1316,45.5,New York,2023-10-04
T1788,P008,Apparel,1319,150,Tokyo,2023-10-04
T1789,P004,Electronics,1321,45.5,London,2023-10-05
T1790,P006,Apparel,1324,20,New York,2023-10-05
T1791,P001,Electronics,1200,300,Paris,2023-10-01
T1792,P005,Apparel,1205,10.99,New York,2023-10-01
T1793,P010,Apparel,1210,150,New York,2023-10-02
T1794,P002,Electronics,NULL,12.5,London,2023-10-02
T1795,P007,Books,1327,NULL,New York,2023-10-03
T1796,P003,Electronics,1330,450,Tokyo,2023-10-03
T1797,P012,Books,1333,50,London,2023-10-04
T1798,P008,Apparel,1336,150,New York,2023-10-04
T1799,P004,Electronics,1339,45.5,Tokyo,2023-10-05
T1800,P006,Apparel,1341,20,London,2023-10-05
T1801,P001,Electronics,1215,300,New York,2023-10-01
T1802,P005,Apparel,1220,10.99,Paris,2023-10-01
T1803,P010,Apparel,1225,150,New York,2023-10-02
T1804,P002,Electronics,NULL,12.5,New York,2023-10-02
T1805,P007,Books,1344,NULL,London,2023-10-03
T1806,P003,Electronics,1347,450,New York,2023-10-03
T1807,P012,Books,1350,50,Tokyo,2023-10-04
T1808,P008,Apparel,1353,10.99,London,2023-10-04
T1809,P004,Electronics,1356,150,New York,2023-10-05
T1810,P006,Apparel,NULL,12.5,Tokyo,2023-10-05
T1811,P001,Electronics,1230,NULL,London,2023-10-01
T1812,P005,Apparel,1235,450,New York,2023-10-01
T1813,P010,Apparel,1240,50,Paris,2023-10-02
T1814,P002,Electronics,NULL,150,New York,2023-10-02
T1815,P007,Books,1361,45.5,New York,2023-10-03
T1816,P003,Electronics,1364,20,London,2023-10-03
T1817,P012,Books,1367,300,New York,2023-10-04
T1818,P008,Apparel,1370,10.99,Tokyo,2023-10-04
T1819,P004,Electronics,1373,150,London,2023-10-05
T1820,P006,Apparel,1376,12.5,New York,2023-10-05
T1821,P001,Electronics,1245,NULL,Tokyo,2023-10-01
T1822,P005,Apparel,1250,450,London,2023-10-01
T1823,P010,Apparel,1255,50,New York,2023-10-02
T1824,P002,Electronics,NULL,150,Paris,2023-10-02
T1825,P007,Books,NULL,45.5,New York,2023-10-03
T1826,P003,Electronics,1381,20,New York,2023-10-03
T1827,P012,Books,1384,300,London,2023-10-04
T1828,P008,Apparel,1387,10.99,New York,2023-10-04
T1829,P004,Electronics,1390,150,Tokyo,2023-10-05
T1830,P006,Apparel,1393,12.5,London,2023-10-05
T1831,P001,Electronics,1260,NULL,New York,2023-10-01
T1832,P005,Apparel,1265,450,Tokyo,2023-10-01
T1833,P010,Apparel,1270,50,London,2023-10-02
T1834,P002,Electronics,NULL,150,New York,2023-10-02
T1835,P007,Books,1396,45.5,Paris,2023-10-03
T1836,P003,Electronics,1399,20,New York,2023-10-03
T1837,P012,Books,NULL,300,New York,2023-10-04
T1838,P008,Apparel,1404,10.99,London,2023-10-04
T1839,P004,Electronics,1407,150,New York,2023-10-05
T1840,P006,Apparel,1410,12.5,Tokyo,2023-10-05
T1841,P001,Electronics,1275,NULL,London,2023-10-01
T1842,P005,Apparel,1280,450,New York,2023-10-01
T1843,P010,Apparel,1285,50,Tokyo,2023-10-02
T1844,P002,Electronics,NULL,150,London,2023-10-02
T1845,P007,Books,1413,45.5,New York,2023-10-03
T1846,P003,Electronics,1416,150,Paris,2023-10-03
T1847,P012,Books,1419,45.5,New York,2023-10-04
T1848,P008,Apparel,1421,20,New York,2023-10-04
T1849,P004,Electronics,1424,300,London,2023-10-05
T1850,P006,Apparel,1427,10.99,New York,2023-10-05
T1851,P001,Electronics,1290,150,Tokyo,2023-10-01
T1852,P005,Apparel,1295,12.5,London,2023-10-01
T1853,P010,Apparel,NULL,NULL,New York,2023-10-02
T1854,P002,Electronics,NULL,450,Tokyo,2023-10-02
T1855,P007,Books,1430,50,London,2023-10-03
T1856,P003,Electronics,1433,150,New York,2023-10-03
T1857,P012,Books,1436,45.5,Paris,2023-10-04
T1858,P008,Apparel,1439,20,New York,2023-10-04
T1859,P004,Electronics,1441,300,New York,2023-10-05
T1860,P006,Apparel,1444,10.99,London,2023-10-05
T1861,P001,Electronics,1305,150,New York,2023-10-01
T1862,P005,Apparel,1310,12.5,Tokyo,2023-10-01
T1863,P010,Apparel,1315,NULL,London,2023-10-02
T1864,P002,Electronics,NULL,450,New York,2023-10-02
T1865,P007,Books,1447,50,Tokyo,2023-10-03
T1866,P003,Electronics,1450,10.99,London,2023-10-03
T1867,P012,Books,1453,150,New York,2023-10-04
T1868,P008,Apparel,1456,12.5,Paris,2023-10-04
T1869,P004,Electronics,1459,NULL,New York,2023-10-05
T1870,P006,Apparel,1461,450,New York,2023-10-05
T1871,P001,Electronics,1320,50,London,2023-10-01
T1872,P005,Apparel,1325,150,New York,2023-10-01
T1873,P010,Apparel,1330,45.5,Tokyo,2023-10-02
T1874,P002,Electronics,NULL,20,London,2023-10-02
T1875,P007,Books,1464,300,New York,2023-10-03
T1876,P003,Electronics,1467,10.99,Tokyo,2023-10-03
T1877,P012,Books,1470,150,London,2023-10-04
T1878,P008,Apparel,NULL,12.5,New York,2023-10-04
T1879,P004,Electronics,1476,NULL,Paris,2023-10-05
T1880,P006,Apparel,1479,450,New York,2023-10-05
T1881,P001,Electronics,1335,50,New York,2023-10-01
T1882,P005,Apparel,1340,150,London,2023-10-01
T1883,P010,Apparel,1345,45.5,New York,2023-10-02
T1884,P002,Electronics,NULL,20,Tokyo,2023-10-02
T1885,P007,Books,1481,300,London,2023-10-03
T1886,P003,Electronics,1484,10.99,New York,2023-10-03
T1887,P012,Books,1487,150,Tokyo,2023-10-04
T1888,P008,Apparel,1490,12.5,London,2023-10-04
T1889,P004,Electronics,1493,NULL,New York,2023-10-05
T1890,P006,Apparel,1496,450,Paris,2023-10-05
T1891,P001,Electronics,1350,50,New York,2023-10-01
T1892,P005,Apparel,1355,150,New York,2023-10-01
T1893,P010,Apparel,1360,45.5,London,2023-10-02
T1894,P002,Electronics,NULL,20,New York,2023-10-02
T1895,P007,Books,1499,300,Tokyo,2023-10-03
T1896,P003,Electronics,1501,10.99,London,2023-10-03
T1897,P012,Books,NULL,150,New York,2023-10-04
T1898,P008,Apparel,1507,12.5,Tokyo,2023-10-04
T1899,P004,Electronics,1510,NULL,London,2023-10-05
T1900,P006,Apparel,1513,450,New York,2023-10-05
T1901,P001,Electronics,1365,50,Paris,2023-10-01
T1902,P005,Apparel,1370,150,New York,2023-10-01
T1903,P010,Apparel,1375,45.5,New York,2023-10-02
T1904,P002,Electronics,NULL,150,London,2023-10-02
T1905,P007,Books,1516,45.5,New York,2023-10-03
T1906,P003,Electronics,1519,20,Tokyo,2023-10-03
T1907,P012,Books,1521,300,London,2023-10-04
T1908,P008,Apparel,1524,10.99,New York,2023-10-04
T1909,P004,Electronics,1527,150,Tokyo,2023-10-05
T1910,P006,Apparel,NULL,12.5,London,2023-10-05
T1911,P001,Electronics,1380,NULL,New York,2023-10-01
T1912,P005,Apparel,1385,450,Paris,2023-10-01
T1913,P010,Apparel,1390,50,New York,2023-10-02
T1914,P002,Electronics,NULL,150,New York,2023-10-02
T1915,P007,Books,1533,45.5,London,2023-10-03
T1916,P003,Electronics,1536,20,New York,2023-10-03
T1917,P012,Books,1539,300,Tokyo,2023-10-04
T1918,P008,Apparel,1541,10.99,London,2023-10-04
T1919,P004,Electronics,1544,150,New York,2023-10-05
T1920,P006,Apparel,NULL,12.5,Tokyo,2023-10-05
T1921,P001,Electronics,1395,NULL,London,2023-10-01
T1922,P005,Apparel,1400,450,New York,2023-10-01
T1923,P010,Apparel,1405,50,Paris,2023-10-02
T1924,P002,Electronics,NULL,10.99,New York,2023-10-02
T1925,P007,Books,1550,150,New York,2023-10-03
T1926,P003,Electronics,1553,12.5,London,2023-10-03
T1927,P012,Books,1556,NULL,New York,2023-10-04
T1928,P008,Apparel,1559,450,Tokyo,2023-10-04
T1929,P004,Electronics,1561,50,London,2023-10-05
T1930,P006,Apparel,1564,150,New York,2023-10-05
T1931,P001,Electronics,1410,45.5,Tokyo,2023-10-01
T1932,P005,Apparel,1415,20,London,2023-10-01
T1933,P010,Apparel,1420,300,New York,2023-10-02
T1934,P002,Electronics,NULL,10.99,Paris,2023-10-02
T1935,P007,Books,1567,150,New York,2023-10-03
T1936,P003,Electronics,1570,12.5,New York,2023-10-03
T1937,P012,Books,1573,NULL,London,2023-10-04
T1938,P008,Apparel,1576,450,New York,2023-10-04
T1939,P004,Electronics,1579,50,Tokyo,2023-10-05
T1940,P006,Apparel,1581,150,London,2023-10-05
T1941,P001,Electronics,1425,45.5,New York,2023-10-01
T1942,P005,Apparel,1430,20,Tokyo,2023-10-01
T1943,P010,Apparel,1435,300,London,2023-10-02
T1944,P002,Electronics,NULL,10.99,New York,2023-10-02
T1945,P007,Books,1584,150,Paris,2023-10-03
T1946,P003,Electronics,1587,12.5,New York,2023-10-03
T1947,P012,Books,1590,NULL,New York,2023-10-04
T1948,P008,Apparel,1593,450,London,2023-10-04
T1949,P004,Electronics,1596,50,New York,2023-10-05
T1950,P006,Apparel,1599,150,Tokyo,2023-10-05
T1951,P001,Electronics,1440,45.5,London,2023-10-01
T1952,P005,Apparel,1445,20,New York,2023-10-01
T1953,P010,Apparel,1450,300,Tokyo,2023-10-02
T1954,P002,Electronics,NULL,10.99,London,2023-10-02
T1955,P007,Books,1601,150,New York,2023-10-03
T1956,P003,Electronics,1604,12.5,Paris,2023-10-03
T1957,P012,Books,1607,NULL,New York,2023-10-04
T1958,P008,Apparel,1610,450,New York,2023-10-04
T1959,P004,Electronics,NULL,50,London,2023-10-05
T1960,P006,Apparel,1616,150,New York,2023-10-05
T1961,P001,Electronics,1455,45.5,Tokyo,2023-10-01
T1962,P005,Apparel,1460,150,London,2023-10-01
T1963,P010,Apparel,1465,45.5,New York,2023-10-02
T1964,P002,Electronics,NULL,20,Tokyo,2023-10-02
T1965,P007,Books,1619,300,London,2023-10-03
T1966,P003,Electronics,NULL,10.99,New York,2023-10-03
T1967,P012,Books,1624,150,Paris,2023-10-04
T1968,P008,Apparel,1627,12.5,New York,2023-10-04
T1969,P004,Electronics,1630,NULL,New York,2023-10-05
T1970,P006,Apparel,1633,450,London,2023-10-05
T1971,P001,Electronics,1470,50,New York,2023-10-01
T1972,P005,Apparel,1475,150,Tokyo,2023-10-01
T1973,P010,Apparel,1480,45.5,London,2023-10-02
T1974,P002,Electronics,NULL,20,New York,2023-10-02
T1975,P007,Books,1636,300,Tokyo,2023-10-03
T1976,P003,Electronics,1639,10.99,London,2023-10-03
T1977,P012,Books,1641,150,New York,2023-10-04
T1978,P008,Apparel,1644,12.5,Paris,2023-10-04
T1979,P004,Electronics,1647,NULL,New York,2023-10-05
T1980,P006,Apparel,1650,450,New York,2023-10-05
T1981,P001,Electronics,1485,50,London,2023-10-01
T1982,P005,Apparel,1490,10.99,New York,2023-10-01
T1983,P010,Apparel,1495,150,Tokyo,2023-10-02
T1984,P002,Electronics,NULL,12.5,London,2023-10-02
T1985,P007,Books,1653,NULL,New York,2023-10-03
T1986,P003,Electronics,1656,450,Tokyo,2023-10-03
T1987,P012,Books,1659,50,London,2023-10-04
T1988,P008,Apparel,1661,450,New York,2023-10-04
T1989,P004,Electronics,1664,50,Paris,2023-10-05
T1990,P006,Apparel,1667,10.99,New York,2023-10-05
T1991,P001,Electronics,1500,150,New York,2023-10-01
T1992,P005,Apparel,1505,12.5,London,2023-10-01
T1993,P010,Apparel,1510,NULL,New York,2023-10-02
T1994,P002,Electronics,NULL,450,Tokyo,2023-10-02
T1995,P007,Books,1670,50,London,2023-10-03
T1996,P003,Electronics,1673,150,New York,2023-10-03
T1997,P012,Books,1676,12.5,Tokyo,2023-10-04
T1998,P008,Apparel,1679,NULL,London,2023-10-04
T1999,P004,Electronics,1681,450,New York,2023-10-05
T2000,P006,Apparel,1684,50,Paris,2023-10-05